id,V1,V2,V3,V4,V5,V6,V7,V8,V9,V10,V11,V12,V13,V14,V15,V16,V17,V18,V19,V20,V21,V22,V23,V24,V25,V26,V27,V28,Amount,Class
144104,-0.6725323436838916,0.4020860943757296,-0.7435249098965294,0.6556557580034241,-0.3086184605033063,-0.6519158643028239,-0.737997625169222,0.4480210609481483,-0.7922245507515454,-0.8688282424080621,0.9422092873737872,-0.9310970180696497,0.10015065745484969,-1.0718183938537458,-0.36611341790746343,-1.0895741205548453,-1.0929411217956533,-0.7829014336742257,1.6135025368469895,0.4118580192973009,0.23397024705098346,-0.136541184611483,-0.615911329972232,-1.239821959311807,0.0732738625170855,-0.30314832776597306,1.484757883813518,0.14105916197575655,16424.22,1
144108,-0.709065908694312,0.3186813823644982,-0.7314915495182878,0.587445771549292,-0.9003603187586559,0.3846381823155493,-0.49627471212418645,0.4520189126782312,-0.9344135453888522,-0.8384440157890112,0.7092595205007889,-0.871927261261026,0.36930651485487426,-0.690680062129282,-0.6230657209343631,-1.1735542528475407,-1.2895383400088987,-1.0878879859634678,1.9276188789858129,-0.3474413209684226,0.28927990734661774,0.3631916844165434,0.1627584657496116,-0.9048007919557509,0.19300850880187112,-0.3389140865881126,0.6458894564191009,-0.827137653773658,2717.6,1
144754,-0.05993135622183675,-0.14507980917150706,0.8147481531720175,0.3119996731769514,-0.5168733360132715,1.4939231625715135,-0.010562645076831351,-1.1641285599210633,0.6259289317955885,-0.05816726351661029,-0.9704381203897193,1.491090711394865,-0.011268024964683052,0.12118116506818746,-0.5184244425791917,0.2845778273484151,1.4893491911647496,0.865756097393178,0.5315967692035438,1.2656064919746877,-1.2030510553651743,1.3907014990837385,0.34019113745374335,1.3958821894986835,0.8871258556870018,0.18585542736460267,0.1850989327112629,0.5805246124785319,8745.24,1
145800,0.027575333708532893,-0.8754013687537137,-0.15772347706396428,0.354358660752996,0.5783888631488628,0.3791407745261505,1.1274387469395146,-0.17883893074626783,0.06688757088975848,0.5429824151625852,-0.08986362111658197,0.452244415957478,-1.1654085099194622,0.4974433376505356,0.23854650242541248,0.019432584404084973,1.1675412796007956,1.4498284095855942,1.5194360025559492,1.0793693885214553,0.08497946905079459,0.4657217175650201,1.3668028538927572,1.1002530993296442,-1.0308888523394084,-0.72530248461186,-0.262087939594169,0.21169176115590072,18740.29,1
146790,-0.26077346163376736,-0.6074000395242387,0.20722442426626966,0.3401279717170048,-0.08152362272819508,1.9419177310150924,3.8493669706908777,-0.5544205113860694,-0.038407312973039016,1.7460129480696882,-0.33135940297029587,0.1923214232276524,-0.11182926282658827,0.27564226850987894,-1.5520487628339221,1.4117796385084453,-0.060870936121661334,0.22088254261278914,-1.0691054727048315,-1.7810314960120792,-0.4959786018340531,-0.09231853388516274,0.5844176142593727,0.4652065620572084,0.16440857225895045,-0.7947429146810161,-0.7298749379840298,-3.756723928208517,16639.02,1
147548,-0.7523671393717908,0.32493383617794797,-0.6910457224238054,0.5376631922109725,0.018630016889618406,-0.7214943397204122,-0.35271467513075977,-0.3643687621971589,-0.10776629465142167,-0.4811827208660498,0.9514119963603525,-0.9943648499426484,0.08241104491160646,-1.2837129769726745,3.2572293020662655,-1.145893775694817,-0.7407175441050143,-0.556620966065945,2.0683462960343864,-0.3475375901593175,0.5214514092478938,0.716406034560567,0.04580040036959393,1.695572872765768,-1.4242833995119326,-8.835203468850949E-4,-1.265681953088837,4.1345737197991745,11368.59,1
147605,1.6520919482548706,-0.14306365677286037,-0.15046166496693092,0.6407324861255357,1.0785500149934215,0.8968181090427916,0.5163439263342245,-0.1278874046975932,-0.09660324313481522,0.8550286230197812,-0.43504447276084685,0.7966706438967026,0.7969335622713217,-0.11904335221531558,-1.9273237701360104,1.7885656126779625,0.7473014871564504,1.2936437015775342,-1.2662462105096064,-0.28239259210468276,-0.09708122902890584,0.18151701081270014,-0.13623284934686605,-0.6471626153866346,0.53111076523081,0.43318110654893727,-0.2444579567380679,-0.12939709758633042,15865.7,1
149145,-0.497263946750595,0.6077025791249172,-0.20551415166315554,-0.08738146736677588,0.4184079677718629,1.4779823861415005,-0.3180583940458192,-2.0979326152384434,3.32587722243249,0.7682477911281178,-0.39298559989486925,-0.23919461081119972,1.303125731284152,0.0171731545104697,-0.9872162065704485,0.6196176172025435,2.130674727838468,2.107884939830655,-0.7317326579274651,-2.521511056155629,3.2130007708772585,-2.049678130350886,1.8276884830696236,0.2668310902338955,-2.404416124171805,-1.7783674899303048,-0.40658189804416556,-0.4364442936939579,82.8,1
149357,-0.38034088855576453,0.03170592470259644,0.00421377290455541,-0.3412533164688902,0.14993810111051595,1.108434711971466,-0.38397505243715063,-0.7238792409028448,1.3795963123178103,-0.5257618997437489,0.35083873607283605,-0.7883019410604062,0.7485145741787641,-0.27230917011910816,-2.2686276644104915,-0.4585888467587197,-0.3951347067737501,0.2371891583522906,0.2835392405827849,0.373327694919652,-0.14165339163001986,0.8804577642009955,-0.319169705530971,-0.6262855865288158,0.24242395066102615,-0.16826324372937085,0.2110540036691989,0.07815175993477406,14478.84,1
149522,-0.7664735046882751,0.3899704902726481,-0.8385141619483535,0.25145200486096064,-0.17301678045345908,-0.8678499932427384,-0.34083088001118056,-0.30177920736761943,1.0188757296134934,-0.6367143313603733,1.1194132651770918,-1.2437588505641404,1.6146774799351693,-1.1212297928689965,0.3600394915369104,-0.9342105168490419,-0.7507778929760154,-0.5757850773557949,-0.06567141560166231,-0.8690611984705269,0.43028592537752003,0.21910255189135733,0.5743936818917498,1.4135809817669354,-0.5600666542111512,-0.9911477155195096,-1.5204939396514034,3.2002687871263675,16736.27,1
149577,0.20624454307359885,0.2539792083739352,-0.2624270738887323,-0.17666438795226866,2.1180313447621915,-0.6354272078118355,1.4003922829514404,-0.33208316605709215,1.1122072651483967,-0.36341206075899485,0.29899630155625045,-0.600841203794099,1.11295299236905,-0.7755308154917017,-1.1881968354311707,1.9873123153284835,3.7628301793047183,3.235243953137746,-2.3449452587745854,-0.16954551810753635,-0.3360548725355529,-0.8268337824245051,-0.42297060803627257,0.012349732998871677,0.9046118942946464,-1.889903148666709,-0.7082162291704203,-0.9795772817251063,2214.78,1
149587,1.6896451841250584,0.052848828131915965,-0.559027861564943,0.23480588643665606,1.3460128198357295,-0.5080583595068147,0.6843379277700287,-0.19558221448853916,1.3598078075332336,-0.24150019427640554,0.7477341644297583,-0.588956416416702,-0.9665716206987738,-0.574673553507725,-1.0193653390460873,2.197260216777627,4.113427915320638,4.303904049726191,-1.3100806452285862,-0.40185952265909186,-0.29831484560863625,-0.8868136927613316,-0.0723780408315626,-0.007686705232126706,0.5162396360446592,-1.4302666009264895,-0.2084332286271448,0.0977434031837939,15597.56,1
149600,-0.9300086196094651,0.5815165371362964,-0.4823859328315019,-0.5425304824325613,-0.13300474620850258,1.3214949107105252,-0.29877216394480566,-1.7493903635175918,1.4145311360562682,-0.4359434948643171,0.8075397798954155,-0.7747954282839847,1.0090255455019752,-0.4898937890798907,-1.095408599785848,-0.24664618370010793,-0.1239472410878016,0.6465688963426593,0.12739050098634985,-3.2998449784615134,2.6865593905209746,-2.305750048770117,1.1474827817979236,-0.2587020891387388,0.8054836868374401,-1.229803676364272,1.0247843050251106,1.2319852674188567,5813.99,1
149869,-0.192990640456436,0.5351225195203513,-0.8136387176957541,0.42076776896236234,0.06529372722986412,-1.161559787255776,-0.09450089178361222,0.10891469730587573,0.04789089850998636,-0.5135529433881286,0.42225834162807163,-0.9240013919472619,1.928256534992551,-0.35386936682744297,-1.0523612801118252,-0.7201446276216891,-0.22687521697659221,-0.2724730748032901,0.09944309073656803,-0.23348433102965607,0.2155737142501927,1.0840162733601462,0.19030090355012702,-0.5005854178386413,-1.1637092625555885,-0.879151119275225,0.036024162348528316,0.4038870740416096,16293.65,1
149874,-0.33579300662867145,0.4856462070807029,-0.9110978495713009,0.20111614504567496,-0.8286596321399203,0.028646450363042746,0.3519295527904634,0.10859594379051886,0.31898853347195494,-0.7931549527462364,0.5133890124594572,-0.9077525498491085,2.241331181719741,-0.48833990781730946,-0.19352254131671548,-0.5146719847433955,-0.15361772772337903,-0.06045791095132334,0.30413601284508995,-1.0569848420691497,0.07337424821221357,0.45356956435350565,0.29463822223656977,-0.5396907618948216,-2.004187947620963,-1.7688858057469434,0.08056166702397081,-0.4160218301518708,11621.11,1
150601,-0.6600231409750067,0.7707841314045987,-1.0576324366466445,0.7991693339532872,-0.9475635566461229,-2.364404218858527,-1.2567123667776348,0.334784241769306,-0.8158516909381726,-1.9641655635320687,2.062551611349257,-1.9814661664291568,-0.6700653244355386,-1.80609852142913,0.3570741573371805,-2.131237290730623,-2.1938458164602777,-1.9937797254442835,1.5543418594152234,1.2804108279883313,0.6766077051137864,0.5287717975566244,-0.3490609588463443,0.946590226642355,0.8967655964124387,-0.9686331820671326,3.0017757413518757,2.4194267384501824,21443.34,1
150644,-0.7464516544101368,1.0715576634100585,-1.1425629619787743,1.6525190495366464,-0.8662618453501203,-1.7935803553092096,-1.1521610801062143,0.42227367323031706,-1.629224425216388,-1.7686360218907393,1.9142663076195565,-2.020399318328518,-0.9111351639943733,-1.7980087408750491,-2.2712802915566717,-2.0045072742767513,-2.19699574259897,-2.1502520926591036,-0.08149883786995123,0.9286912425785127,0.6372776857960936,0.03405650858030277,-0.08655396766625459,0.8270845951860724,0.4617659683107627,0.23525554104893084,2.5546192281544142,2.300563320578174,18399.82,1
150647,-0.7164644648618057,1.0178439028855364,-1.1320078917418959,2.0596040141954037,-1.0649492639428764,-1.379409592576038,-1.4355338817251602,0.6141843020400964,-1.4893657943874983,-1.6653556224424255,1.9461479050810835,-2.0125234261929976,-0.2706910037778772,-1.8254892829337315,-0.24859928144465002,-2.039336220710545,-2.103689356714962,-1.9162855080290804,1.7791038667129409,1.1530185463936387,0.749162383051149,0.9132493893627867,-0.12047328399934991,0.9176744814697928,-0.7736375362322399,1.3548126043031345,2.2450635646132024,1.9591446980313931,3372.75,1
150654,-0.7376196902433864,1.1233974130568987,-1.2326315010535442,2.0504206836426593,-1.099247092662022,-1.6403479227380746,-1.435361094106567,0.6839217476593901,-1.6077923289234843,-1.6582051585858182,1.963290499668699,-2.005060916339383,-0.16134538023133177,-1.7744238800351217,0.11413089660381445,-2.0132861899597074,-2.1042118066145727,-1.9503057404396962,1.7179406216185742,1.0030810080564756,0.7267513244973799,0.478331345459039,0.3722640884045263,0.8096649485527907,-1.3611021420851575,0.857916595001595,1.7689621182973587,1.7793975414267535,2665.49,1
150660,-1.0655758158365807,1.3990093069338314,-1.4716202859252008,1.6039757282328768,-1.48320466096781,-2.1708054904755563,-1.6265869498961953,1.1623686664072816,-1.2808910327544991,-1.8918342949236617,1.9270607122412295,-1.9268609744064185,0.1476338671811562,-1.6951061405987053,1.119544518801201,-2.0336885684514665,-1.9862221516993555,-1.8381536762283956,2.435105040578663,0.32142616398906876,0.8161151936495776,0.414854702088442,0.4778152891494244,0.7635201783666141,-0.5518337844994206,-0.4596458898981328,-0.4613156647442891,0.8610498102725523,12269.62,1
150661,-1.0655758158365807,1.3990093069338314,-1.4716202859252008,1.6039757282328768,-1.48320466096781,-2.1708054904755563,-1.6265869498961953,1.1623686664072816,-1.2808910327544991,-1.8918342949236617,1.9270607122412295,-1.9268609744064185,0.1476338671811562,-1.6951061405987053,1.119544518801201,-2.0336885684514665,-1.9862221516993555,-1.8381536762283956,2.435105040578663,0.32142616398906876,0.8161151936495776,0.414854702088442,0.4778152891494244,0.7635201783666141,-0.5518337844994206,-0.4596458898981328,-0.4613156647442891,0.8610498102725523,16572.88,1
150662,-1.0239578433718468,1.4098657657248643,-1.454761893556998,1.3965495297945396,-1.7541123859614194,-1.43096121196806,-1.5456442821492504,1.1257076420604057,-1.0243863274798837,-1.936711436101276,1.883355954300264,-1.9152605919406394,0.18022576786184072,-1.693166858152592,0.8464779532559176,-2.0642419364180644,-2.002391379239543,-1.8607171104090092,2.7727407321719157,-0.10616256913191581,0.8020196627432543,0.9916026933694628,0.5309391635045784,1.0050615750514866,-0.5245659279088722,0.6296875895645648,-0.11554233089192922,0.5136508499391371,16731.36,1
150663,-1.0239578433718468,1.4098657657248643,-1.454761893556998,1.3965495297945396,-1.7541123859614194,-1.43096121196806,-1.5456442821492504,1.1257076420604057,-1.0243863274798837,-1.936711436101276,1.883355954300264,-1.9152605919406394,0.18022576786184072,-1.693166858152592,0.8464779532559176,-2.0642419364180644,-2.002391379239543,-1.8607171104090092,2.7727407321719157,-0.10616256913191581,0.8020196627432543,0.9916026933694628,0.5309391635045784,1.0050615750514866,-0.5245659279088722,0.6296875895645648,-0.11554233089192922,0.5136508499391371,16405.58,1
150665,-1.1304290834861122,1.001454640578198,-1.2190885557660687,1.8178448939100975,-1.496385325139816,-0.9641737267746466,-1.396361245975844,0.9531199478271508,-1.624902822074141,-1.6460485141409937,1.6219271744208672,-1.924768020180073,-0.02075905857059324,-1.3984588568588239,-1.894782578932129,-2.0415429556144207,-2.299520839398682,-2.379645590340434,1.3412069617792715,-0.24650612306692926,0.6085077988544075,-0.3557204168033707,0.4180906955796425,1.4559658114127416,-1.3057167139570112,-0.579587403436098,1.3587521628547827,0.3773594621715409,10317.51,1
150666,-1.522526483227019,1.3145828783671036,-1.7414852433025143,1.6892745152562052,-1.8420907871987695,-2.3293026909638908,-1.8361633907334367,1.8087257752396855,-1.0900388356306343,-2.170768752720696,1.7995508635169486,-1.8528162687082437,0.3521881716814408,-1.7685136288545664,-0.30342935747665123,-1.9783276930378146,-1.7077556639926477,-1.6662664702688879,2.8552853043825293,-0.8447085876096788,0.829551515319905,0.08282457722893241,-1.0047277300427833,0.8614944778481307,0.09015391478729767,-0.04571407562057777,-1.5879233221766562,-1.0996635654998734,21444.28,1
150667,-1.522526483227019,1.3145828783671036,-1.7414852433025143,1.6892745152562052,-1.8420907871987695,-2.3293026909638908,-1.8361633907334367,1.8087257752396855,-1.0900388356306343,-2.170768752720696,1.7995508635169486,-1.8528162687082437,0.3521881716814408,-1.7685136288545664,-0.30342935747665123,-1.9783276930378146,-1.7077556639926477,-1.6662664702688879,2.8552853043825293,-0.8447085876096788,0.829551515319905,0.08282457722893241,-1.0047277300427833,0.8614944778481307,0.09015391478729767,-0.04571407562057777,-1.5879233221766562,-1.0996635654998734,14616.44,1
150668,-1.5043433774345454,1.4322774354318966,-1.802082133375925,1.6438888113874603,-1.829615010827016,-2.562802067478708,-1.7132792322370711,1.6936451728421245,-1.415079732584984,-2.1332219442956015,1.86962021725095,-1.8799746270239894,0.42127023771703614,-1.7047506704583582,0.6081105265314543,-1.958080726230936,-1.7394968387419252,-1.6673082525194303,2.638628378124147,-1.0220066539408452,0.8894000770061935,0.626552420027801,-1.1089233309731998,0.9762812743430641,0.5570594016330379,1.1102278358690332,-1.550360892685679,-1.2864595590705892,16615.76,1
150669,-1.5043433774345454,1.4322774354318966,-1.802082133375925,1.6438888113874603,-1.829615010827016,-2.562802067478708,-1.7132792322370711,1.6936451728421245,-1.415079732584984,-2.1332219442956015,1.86962021725095,-1.8799746270239894,0.42127023771703614,-1.7047506704583582,0.6081105265314543,-1.958080726230936,-1.7394968387419252,-1.6673082525194303,2.638628378124147,-1.0220066539408452,0.8894000770061935,0.626552420027801,-1.1089233309731998,0.9762812743430641,0.5570594016330379,1.1102278358690332,-1.550360892685679,-1.2864595590705892,9886.5,1
150677,-1.6967474738699773,1.4545915473596402,-1.8389531886729495,2.124225785117541,-2.050592960228374,-1.9429358634674245,-1.9231908903932355,2.307873503143388,-1.6539442760467746,-1.9218379527192304,1.4517640668088616,-1.8166029747335697,0.7468929206955113,-1.4377472233277464,-2.298436994997506,-1.7411465706590235,-1.941043020784027,-1.9953353875978757,0.30232182108606553,-1.649156411835111,0.9051229576014087,-0.2829923114702537,-0.43114809797175113,1.108667641604442,-1.2449414353955486,-0.38262694276904896,-2.3329695091206886,-1.8306322929072816,20308.87,1
150678,-1.6967474738699773,1.4545915473596402,-1.8389531886729495,2.124225785117541,-2.050592960228374,-1.9429358634674245,-1.9231908903932355,2.307873503143388,-1.6539442760467746,-1.9218379527192304,1.4517640668088616,-1.8166029747335697,0.7468929206955113,-1.4377472233277464,-2.298436994997506,-1.7411465706590235,-1.941043020784027,-1.9953353875978757,0.30232182108606553,-1.649156411835111,0.9051229576014087,-0.2829923114702537,-0.43114809797175113,1.108667641604442,-1.2449414353955486,-0.38262694276904896,-2.3329695091206886,-1.8306322929072816,14832.51,1
150679,-1.6780711787361384,1.4893630093895227,-1.9755115865388106,1.4896825614520373,-2.029059156125927,-3.031468818362417,-1.82991617356992,2.161222000040268,-1.3103932438533479,-2.2089841696391432,1.7156299911660335,-1.820807628877549,0.5899851109527179,-1.6160421795131181,-0.857096212894955,-1.803097164278313,-1.7575192481966815,-1.696682224911606,1.0376580483095463,-1.6521048419300675,0.9754586073226198,0.5465931197968562,-0.7665653144078411,0.9152667201761907,-0.25319233653058515,-0.00843392193547463,-2.2671077089378278,-1.853851408365587,3283.63,1
150680,-1.6780711787361384,1.4893630093895227,-1.9755115865388106,1.4896825614520373,-2.029059156125927,-3.031468818362417,-1.82991617356992,2.161222000040268,-1.3103932438533479,-2.2089841696391432,1.7156299911660335,-1.820807628877549,0.5899851109527179,-1.6160421795131181,-0.857096212894955,-1.803097164278313,-1.7575192481966815,-1.696682224911606,1.0376580483095463,-1.6521048419300675,0.9754586073226198,0.5465931197968562,-0.7665653144078411,0.9152667201761907,-0.25319233653058515,-0.00843392193547463,-2.2671077089378278,-1.853851408365587,20628.77,1
150684,-1.4537220319950042,1.1806306461062521,-1.4671025193310887,1.5476350047826122,-1.6083373973917379,-2.0714617803465574,-1.5888505252511205,1.4127079374989397,-1.7494173738654237,-1.8243560053329233,1.5875860796168708,-1.8634867005060105,0.3346749607488758,-1.1424671215631694,-0.20456250878936333,-2.214512888665661,-2.1456001601893404,-2.2347129511810526,3.341330168664218,-0.24759566576849673,0.9264651160191792,1.0931929687416289,-0.5789801195483711,1.8455185878625504,0.8359920166154475,0.2702084802563288,-0.5685352323337236,0.04884152435586042,10827.84,1
150687,-1.4762102072387744,1.2591983831188291,-1.6248951269076342,1.2921642888142615,-1.6382929668321142,-2.5343129135367892,-1.9261116898616302,0.8413406643657111,-1.3172078812570363,-2.0861253704715623,1.7111597885997605,-1.8375429913768386,0.21432895558222304,-1.453419058084373,-0.1287336209789971,-1.9338307785993212,-2.0237978331146325,-1.9332567921234922,1.5089604525749938,-0.04774316201480032,0.46573547498198214,0.9779730535656331,-0.688106682493632,1.2274554690498305,-2.5064460821071175,-0.9542466902484583,-0.7289948411825562,0.1557725922231974,9373.14,1
150692,-1.5609851429807968,1.4188942845929275,-1.4832438185966532,1.8248160715829294,-1.8191758190258207,-1.0849012957150146,-1.8479907155856847,1.0140169890409094,-1.9019614369984665,-1.847457505982201,1.3852877603100764,-1.8294459124572335,0.196791920181391,-1.133492222267095,-2.3429369494721786,-1.9070749450267284,-2.21624631806541,-2.3479141152357315,0.7318478809963764,-0.3499430348142938,0.3105853993299981,-0.357317594907562,0.4800479414991354,1.424621832858041,-0.7129657317116811,-1.0062761785666197,-1.208046016434633,-0.6698840189437101,5978.87,1
150697,-1.644036671440287,1.6441371378016367,-1.7549575023399826,1.414902201956181,-1.772054318518664,-1.9484498375678794,-2.0586493561288437,0.3622686319146456,-1.28166873976466,-2.345678160311176,1.677986489335578,-1.8189056028623287,-0.35974402692219376,-1.6873557706571105,-1.6584195386842666,-1.8959116604320911,-1.7387818070378787,-1.6662392949279707,1.552060855902146,0.37418651932330776,-0.03652999443510966,1.4617945246659918,-0.7677428465719085,0.7882190521547201,-2.2373144730033894,-1.2836240945066613,-0.695597948319862,0.6058121906402784,19046.83,1
150715,-1.5671894818660037,1.5457298755144255,-1.8588669270304,1.3269382237275273,-1.8307213466981866,-2.4785915475963214,-2.032025525827493,0.3634021332008982,-1.5201319066874348,-2.1833322331532217,1.609231759042508,-1.7778129330621486,-0.07483328220433075,-1.2811868345838708,-1.1976704519437111,-1.9539390817363604,-1.958548563545232,-2.022419763106182,1.311285010765016,0.04861353959166424,0.030405677625163392,1.291872379766913,0.2222384845233347,1.1410906782303392,-0.3648615011419954,-1.2382099239078128,-1.7842051326355577,-1.496432732062223,3626.28,1
150925,-1.7276485207938608,1.644606919291948,-1.7295262245779024,1.2146998185293645,-1.9934066132570887,-1.472228308119395,-2.2122036866545023,-0.14332493813218927,-1.7157844299280296,-2.1569696967278267,1.3576826740854215,-1.7193048999601699,-0.09606612342031086,-0.8603490948620018,-1.5613015106393555,-2.0117876031690587,-2.1041296649403516,-2.2695392589796586,1.7538631553160897,0.5266530845192761,-0.4833688130425304,1.4730959961366872,-0.16605967386708134,1.7193865928900063,-0.13472090906481118,-0.5987475335800393,-1.8904031169496809,-1.1740455908813134,21998.68,1
151006,-2.459141149335575,3.326970220195924,-2.4762508737381093,1.7858636066810814,-2.828982230097828,-0.27604795338278576,-3.424997661681292,-2.20701973229053,-2.7872009350742295,-2.926960642761925,0.9936592720641511,-1.4244000357724176,-0.6449548873865232,-0.4358143008777628,-2.259985593112109,-1.325535755338305,-1.4229666634779925,-1.6089571566006928,-0.71943149546279,2.477712383634667,-4.328204022164735,3.6539563651949973,0.930769460064368,0.542945988898742,-1.2361609336174597,-2.571823791692281,-4.947034457627021,-3.337477788881977,3623.54,1
151007,-2.459141149335575,3.326970220195924,-2.4762508737381093,1.7858636066810814,-2.828982230097828,-0.27604795338278576,-3.424997661681292,-2.20701973229053,-2.7872009350742295,-2.926960642761925,0.9936592720641511,-1.4244000357724176,-0.6449548873865232,-0.4358143008777628,-2.259985593112109,-1.325535755338305,-1.4229666634779925,-1.6089571566006928,-0.71943149546279,2.477712383634667,-4.328204022164735,3.6539563651949973,0.930769460064368,0.542945988898742,-1.2361609336174597,-2.571823791692281,-4.947034457627021,-3.337477788881977,23898.96,1
151008,-2.459141149335575,3.326970220195924,-2.4762508737381093,1.7858636066810814,-2.828982230097828,-0.27604795338278576,-3.424997661681292,-2.20701973229053,-2.7872009350742295,-2.926960642761925,0.9936592720641511,-1.4244000357724176,-0.6449548873865232,-0.4358143008777628,-2.259985593112109,-1.325535755338305,-1.4229666634779925,-1.6089571566006928,-0.71943149546279,2.477712383634667,-4.328204022164735,3.6539563651949973,0.930769460064368,0.542945988898742,-1.2361609336174597,-2.571823791692281,-4.947034457627021,-3.337477788881977,17018.24,1
151009,-2.459141149335575,3.326970220195924,-2.4762508737381093,1.7858636066810814,-2.828982230097828,-0.27604795338278576,-3.424997661681292,-2.20701973229053,-2.7872009350742295,-2.926960642761925,0.9936592720641511,-1.4244000357724176,-0.6449548873865232,-0.4358143008777628,-2.259985593112109,-1.325535755338305,-1.4229666634779925,-1.6089571566006928,-0.71943149546279,2.477712383634667,-4.328204022164735,3.6539563651949973,0.930769460064368,0.542945988898742,-1.2361609336174597,-2.571823791692281,-4.947034457627021,-3.337477788881977,882.6,1
151011,-1.8437398409579095,2.117336568837744,-1.924012939184552,1.6112774824682463,-2.200203685624714,-0.7020009843582452,-2.5738424109883775,-0.8919050159379482,-1.8211970361246825,-2.390465024442022,1.3503816389862155,-1.6744556345519586,-0.3854783633370585,-1.0947469288096763,-1.950312222893434,-1.7855068363076512,-1.8644042547962636,-1.9560047151105997,0.9955437595002191,1.434549939503282,-1.661282876204669,1.742945356503666,1.8466721152026424,0.8087318586561868,-2.234096489943367,-2.7429789383828824,-2.4238696044651866,-1.2270120490491947,9494.82,1
151103,1.4454967659414812,-0.43617138339973616,0.2793069914905103,0.6285572936912541,0.7840256763414355,1.9528035846428302,0.20821427345291468,0.01196853819999443,1.1949631606145363,1.0577413473460864,-0.20743318432390087,-0.1828725835385933,1.0923492768148697,1.6910140360710486,-2.5173304917847257,0.37670646941241465,0.7270179632188218,-0.10376741791857927,-2.013520315767912,-0.5464922266253216,-0.09884023811249244,0.48024058991086654,0.0691411088615051,-1.6457660929749693,-0.2166326510305965,0.41303236053609305,-0.22897864528298226,-0.26673054030837823,14070.99,1
151196,0.712944698551026,-0.5735520489436262,-0.2353680926712491,0.8899121749095198,0.5976058520291317,0.1103252890650542,1.0113104311927765,-0.26796769946925464,0.4232933302589835,0.4568760968249227,-0.2666902376059415,-0.36976792930156005,2.4574418152659816,0.24505123624348968,-1.4559063179395217,1.8645154100290717,1.4510039834623039,0.9470324340341166,-2.2056206837144665,0.7670440148975985,-0.1478702190640788,-1.1177749230891325,-0.34549299052809906,-0.7140519008147393,-0.4354702614433347,-0.6335408919992421,-0.39806051010085164,0.1522585098470167,17036.51,1
151462,-1.9162688527354652,2.3616741399530756,-1.930653253825206,2.0893533236891813,-2.168318010488339,-0.25962029875846093,-2.7597614664254917,-1.2610458433506688,-2.3478764436905197,-2.2950184785384202,1.2749477689905406,-1.6786675147924057,-0.418163546960745,-0.9696763881001671,-2.253829508127144,-1.59943723942854,-1.8924100045022436,-2.0332066123950083,-0.0699552508689364,1.8445933410993565,-2.3489182036460146,1.0806324718141898,1.4904505315886585,0.7395513825098775,-3.306485445142844,-2.075347784713074,-2.6238882404298756,-1.2239619513220439,14693.97,1
151519,-1.9912453617799537,2.5561414110095266,-1.8878812837488914,2.2254900792271894,-2.2944688350799423,0.23377467134868365,-2.742460999396857,-1.1767637307827998,-2.5692341546149864,-2.2894962960697405,1.3046526969449368,-1.692135060928358,-0.23714964312396064,-0.9242222805100773,-1.2161371973029562,-1.6816897998420341,-1.8123162803100596,-1.970156256178933,1.472796837605375,2.2250026024004343,-2.3907754050168495,0.9106507883301888,2.0103718024815884,0.7087904604800351,-1.2089934127021194,-0.5425320528806719,-2.674248922233803,-1.2617068955129958,1651.51,1
151730,-0.4022250287563183,0.5584142470663316,0.029046833656107635,1.157604324097246,-0.08119748584528982,1.0079972759278473,-0.5811224393374405,-1.104182615158866,-0.6672754470556399,-0.24637354692490301,0.28791232584029725,-0.9798038782227693,2.473317646881468,-0.07553478993105112,-0.6342526576733176,-0.8140588335675522,-0.7064042338682284,-0.729805673200554,1.0289693937685076,1.7164260573378711,-0.9694470773384842,1.0731561225054518,-0.06564325904223273,-0.35947131117900344,-1.427925976074482,0.48308223217650265,0.4329246169429325,0.7624828694337852,175.55,1
151807,-0.7034163787277294,1.0153114381590553,-0.4642411618917793,1.3197274618604231,-0.3947221247889092,1.7258961722140547,-1.1949460469931796,-2.314488555493294,-0.7949760319636662,-0.8106726439003925,0.4592167729982541,-0.9347886639953905,1.892591037745465,-0.5093535094224221,-0.2072385145418804,-0.29222839929220995,-0.29722514787340426,0.14391502972730597,-0.08774958083639202,3.336410160230931,-2.7499673155383473,2.5653322908140543,0.9945161337316333,-0.9177810425491452,-1.0571489810908785,0.8812570107082383,-0.21142271851804523,0.29764579620792814,1708.93,1
152019,-0.7281469104189544,0.6991591303195114,-0.47590226461793816,0.026801746975009397,-0.7074457606277297,1.2554724822661756,-1.3085800889487047,-2.2832297503776915,0.3107219977373759,-0.9765290160093069,0.33933045060692435,-0.669726579282063,2.1597509919145224,0.3989192002679124,1.7119195260782012,-0.8791926854038417,-0.5738409798741531,-0.3473602298481219,1.785089107510119,3.2036957458395325,-2.6545406308099206,3.0535295775201403,0.9526172788467523,-0.4305354684964137,-0.3789512520731176,-1.468372509700698,-0.5767840532152781,-0.335488689036577,16344.43,1
152223,-2.0186785188556735,2.6150748518129125,-1.9207133572388981,2.2539743256853546,-2.351917396705742,0.2680201922213081,-2.7960555154025304,-1.1006486187561317,-2.5356216549004205,-2.329159971826976,1.2739329289795962,-1.7011720698894244,-0.13271272288449767,-0.9995787257632303,-1.0612741630909996,-1.6371735473435824,-1.7617245291918322,-1.7345066670835385,1.1030723176738524,2.1277149264111506,-2.061341216341166,2.9670327633543083,1.6011151175712488,0.8182276043159024,-0.45584504580789625,0.8968577553324381,-2.8206033709737905,-1.4100621651477194,3286.38,1
152295,-1.9923752874260663,2.5117839590320843,-1.954345720672859,2.2128653501861106,-2.4249799515526105,0.2519981601644185,-2.8090721949548674,-1.0743234791134544,-2.5619571715464144,-2.1698050173803205,0.9929045800709368,-1.6208537750326817,-0.03530311738052336,-0.36289616368659483,-2.077454171110696,-1.8102513906200703,-1.957560874395737,-2.2021996618862114,1.6711691358813663,1.6800163223770734,-2.086670106174672,2.4287309722061288,2.2200227196524778,1.3477805626800394,-1.7555062060799058,-0.15223871839025138,-3.1706732923034737,-2.054602455120032,18900.36,1
153823,-2.114807604292474,2.980104918975825,-2.106882601576916,2.394164411777203,-2.4662275654365815,0.9340234733760759,-3.1630359320589747,-2.2842772422440536,-2.656590398202599,-2.585836734085408,1.131542899882763,-1.6042665634247142,-1.0240279085186745,-0.973713713844306,-2.732140520048145,-1.5799545820472836,-1.5528474545271822,-1.7233500176675973,0.9237466294638325,3.372731111297243,-4.0522679748724135,3.487809899635534,2.8984980612211597,0.4206370146256392,-1.9155547769781727,0.10218440216388643,-3.3375277481893337,-1.6698781690867561,1992.03,1
153835,-2.259618253443879,3.141740761615706,-2.1103981788740716,1.3992015894860905,-2.3755865252386372,0.20283823115619817,-3.1801426027648185,-2.7095968686027714,-2.792072862795015,-2.8007467967167754,1.0744267240394083,-1.5415623440910577,-1.4687432975789294,-0.418951888630692,-2.5175309266174013,-1.6195322741719447,-1.738028702872427,-1.8870373927646553,-0.3261617488919574,3.601547185872034,-4.515001234358703,4.47841855815097,1.5133433445442734,0.8113196086707142,0.6602791347554922,-1.6024423960080738,-3.480810345810649,-1.2366004744303585,5452.78,1
153885,-1.156412330771414,0.9504634600335693,-0.5978279321702589,0.819346908943071,0.6341219064126861,0.35364998016795823,-0.5538862286749239,-1.1472435146611033,0.5370534621760279,0.28103035390063036,1.1870319805376492,-1.1396023643579274,0.11126790655337704,-0.9968636205661322,-1.0622382451959076,-0.18785220581525197,-0.3064670475629242,0.3892486161577406,-1.4833960166106863,-1.504351494271075,1.7973225621565159,-1.7460530699801873,-0.3024978680776828,0.2718018665749044,0.8693637358203768,0.34023414376078864,0.1253312000661692,4.148860133230212,12221.01,1
154234,-2.3420228718468863,3.365313748295919,-2.0740886861323844,1.9203850952524133,-2.630798934316107,1.8030425481860892,-3.5872231747345715,-3.7679781794165264,-3.13533908372435,-2.684446980469143,0.6670898357727246,-1.451924397405545,-1.4915761881213137,0.7665799869117838,-2.815038313320534,-1.4441921421584385,-1.9354728946155144,-2.044497234713404,-1.3553405217296575,5.043646641505616,-6.39900277968127,6.452465792009446,3.0992542100130835,1.0942671744540355,-2.515645485705252,-1.1291441750215354,-3.6171808169441,-0.9118774786731538,22556.2,1
154286,-0.2875373504505281,-0.8505394079966174,0.4492551024540047,-0.1934311827169899,9.240844703273927,-3.249412731023191,-1.2773019080909749,-0.2508522487793331,2.0176335948645012,1.6063626228911694,0.046812930371169945,-0.01894647118118607,-0.6665361268343518,4.233467307617315,-1.0089582903831156,-0.22611814818713122,1.034645407110714,-0.39454194036132617,-1.7541629408485107,-1.740653507206215,0.3393622495739414,-1.119305727560437,-12.260401079946101,-1.4576944852610259,-5.174913717158146,-1.4916549439728997,0.6316866009914028,0.9232826127188085,20351.8,1
154371,-2.4299534764961965,3.8310569811968866,-2.2443299787467574,2.2133594123416875,-2.6854626980925405,2.4208482616201916,-3.8803104917717697,-4.818100369228248,-3.2051548538219987,-3.0307429849222425,0.8258570730736577,-1.4179743471351014,-2.670200368076261,-0.4105820462987232,-3.8618127653411154,-1.2863166091807345,-1.462698438735429,-1.679052725024594,-1.3661267444281875,6.770523404378809,-8.793822168047575,6.364695300381688,4.0391523698849126,0.14145760641612962,-1.1360167954875124,-0.484947797544671,-3.7929616985593415,-1.1891794850311994,14542.51,1
154454,0.7655390490102133,-0.08595458382472815,-0.5983434708073407,0.14766224442827197,0.08398002440266408,-0.8430255164336723,-0.021203116107681858,-0.13099119689033914,0.7097261723367343,-0.5803514756958622,1.1072102224884082,-0.8291022839533669,1.4258740586054266,-0.5574411835879463,-0.8387382494634411,-0.4972539243269502,-0.23760762782704264,0.17686802463046847,-9.420003947364272E-4,0.34599216450842185,0.05453307048697805,-0.12062171746379931,-0.2213188366515437,-0.47925082798316776,0.5591920967169981,-1.383111121917859,0.4102523399421233,0.5531440526064173,1797.73,1
154587,-2.5396661775655116,4.2545674659141,-2.3189132746349657,2.3258389793855856,-2.8414940597446585,3.357437764859969,-4.206323551122167,-6.253303817072662,-3.7519187380761445,-3.145433105411234,0.7207290083391338,-1.330845474881751,-3.1071120418928975,0.8407640999910049,-2.6097594633781265,-1.2921105556881864,-1.4714837793876776,-1.6351360806592605,-0.4315408556173512,8.794013093506157,-11.388653970693115,9.770935551732327,5.827304074580128,0.22746420588807065,-2.3718069187279003,0.03469181231040309,-4.0346516856145875,-0.5454917798205072,16871.5,1
154633,-0.16800168456364406,0.015288538593771753,-0.5819346280974246,0.06751662608343269,0.5259121481767863,-1.2892494463003787,0.0074894350863296535,-0.04559559027856839,0.12318765142528997,-0.566856187359986,0.9593354733628205,-0.830357701098631,1.3531429863757158,-0.26887980295487657,-1.3381109878423472,-0.7280812752293588,-0.26650031559758103,0.009090103720595585,0.6084359864215239,0.28167912304575415,0.19598899686372243,0.792834365306586,-0.32625466139395515,-0.25189076907053415,0.6008271686412093,-0.5113548734541035,0.2445615740951339,-0.14871407222334856,18013.68,1
154668,-0.3970541826447028,0.6889692023773379,-0.6359473365195186,1.1445540373401077,0.05792447120917057,-0.48969980824328163,-0.4514092431139762,0.007204732347669964,-1.0136935908437918,-0.9862347367513877,1.5941793601820675,-1.4704536129758765,1.807129676905333,-1.3369662708816972,-2.580030843019021,-1.2390991153105018,-1.3412671788980028,-1.0794014264555243,-0.664235939707886,0.7647308902179691,0.33078079458503834,0.6052142799501825,-0.5451244478025598,-0.7366106585945936,0.5440677526059535,0.4523776047169941,0.9139407953803402,0.4501702118700209,7164.31,1
154670,-0.4753168541544701,0.6883862177565636,-0.7814126989514181,0.8553689182438492,-0.36870944223602753,-0.4288973654433877,-0.5649580985635752,0.09316034026083825,-0.29502823679107326,-1.348860392087601,1.7665693398828588,-1.4296728013125373,1.9223950484352887,-1.584755908485886,-0.828221290220254,-1.4936858444448697,-0.9185709298934663,-0.5119064219066737,2.6523187386119527,1.0696134861948394,0.31310471673208184,0.909905723229332,-0.6341191433870653,-0.9057585555466725,0.32353302893238894,0.3714707879737351,1.0641365229566504,0.7075691347133938,8311.76,1
154676,-0.2854167212687747,0.6082188049784788,-0.9520411828367144,1.4844142880731572,-0.23320201318194383,-0.5594584776489467,-0.768832693645795,0.24153071885808644,-0.542068406785708,-1.0067822034016933,1.5529037312301044,-1.406601381401139,1.93228614099099,-1.484035311510231,-3.2306463471939386,-1.2035707622498983,-1.1411771504889687,-0.9807602052525483,-0.15828311003785403,0.36613084492347364,0.2646740462396311,0.09202827876932254,-0.06890698649820277,-0.9218065541250134,-1.2658450877573455,0.0024660608422244425,0.14829697728887575,-0.8850943368246793,4282.1,1
154684,-2.559459629164772,4.361865196721416,-2.3670227454860373,2.345399657200148,-2.9552232232310045,3.5315638299119865,-4.351839315074907,-6.535573606542959,-3.725704370331976,-3.163275761885778,0.7413484771556578,-1.2827055929824298,-3.036057961051948,1.2348101097699944,-2.0147563695739046,-1.139097537822913,-1.478786316568841,-1.5834172778735003,-1.0290373990524455,9.280162848170628,-12.170778906576304,9.710901297602978,6.557121669513195,0.08260523248420244,-2.3983188797497252,-0.32772040513723283,-4.1760757971285996,-1.1665610454301034,22979.31,1
154693,-0.5136651910468328,0.7605347920361519,-0.9926534558257639,1.0202641826458505,-0.3044225677815554,-1.0883557485338393,-0.6432556607327155,0.20814423726933387,-0.8286936928897022,-1.067202746990816,1.6611369770048294,-1.3859014250343218,2.2387514540866937,-1.1726139433461624,-0.541605997609969,-1.5200881044214034,-1.1450008254849586,-0.9717602022107226,2.339110962631177,0.6208944554363662,0.39955562116095544,0.956957157680322,-0.2889398624880946,-0.630620160649745,0.5218860187846247,0.19838723893780855,-0.018768421327576362,-0.6129167389260097,7288.02,1
154694,-0.5872242332345965,0.8115624438956435,-1.1721474294261822,0.7960416156315929,-0.7223332854308129,-0.703421510834008,-0.393930979006388,0.22420777003729261,-0.662129241047433,-1.1314871594402578,1.590160553451385,-1.3649671072393803,2.218638152483172,-1.1610405965163948,-1.6263884736035612,-1.3831093213896752,-1.2162001333899668,-1.0270789385770829,0.9688403281203389,-0.05546729843477557,0.38036495992246566,1.2470183809242812,-0.027787301755656822,-0.6134595942044694,-1.0226190729757463,-0.947383355995891,0.5146535134349234,-0.6843989549112287,732.04,1
154697,-0.80713355161143,0.38719654391368363,-0.7727015458839883,1.3661183591377621,-0.6700529798584668,-0.22878749219567535,-1.0583566665501476,0.5688234783124473,-0.6637620045854152,-0.7097206760253528,1.2227395936260421,-1.3001079053679037,2.889804600512512,-0.7960585757195173,-2.018626260708301,-1.2373025558365667,-1.530049080739473,-1.2839923360987668,0.2110647002922696,-0.39897224247667173,0.5058820996047874,1.530619114744127,-0.5891073731378768,-0.07443486562961184,-2.8299480856839354,-0.15371374167902438,-0.0774066494211188,-1.558736549569682,19534.63,1
154718,-0.9948287573630065,0.9672621239242406,-0.9644314772945436,1.6260856403990387,-0.5280241819362331,-0.5019421654390513,-0.8557927853364459,0.6088102437125817,-1.3661510993271218,-1.0929110491262257,1.6291268171075755,-1.4301612562498598,2.691533144456894,-1.314857262459394,-0.25090417297441614,-1.1121717978305743,-1.0229749659370984,-0.5917755678213278,1.3238418063737583,0.06730412280280539,0.36943271606709466,0.3628529564787426,-0.1255217945474495,-0.8811078985408322,-0.36799652711545205,0.9911995820981688,-0.3568659054012005,-1.2653741840524824,3573.33,1
154719,-0.9155480736605663,0.9651725618912967,-1.1295446772573094,1.6905288219843035,-0.676544560153455,-0.6697156720680285,-0.9702750911933029,0.7276211072753586,-1.1559099989729167,-1.0169422803627717,1.6212076891065257,-1.3938147573607333,2.8298246019903015,-1.3022874546751402,-0.32607730571932314,-1.0566379223317854,-1.0181324708541044,-0.624216857655088,1.0277294651571744,-0.06304882780481917,0.349903549102472,0.18900233118304777,0.28005576042262137,-0.9276092123022369,-0.36430789034368505,0.8826353100433492,-0.663830735829954,-2.2514143625184606,17913.94,1
154720,-0.9883528091048812,1.0740909266100558,-1.1931485031189477,1.6873304396359732,-0.8743859646102247,-0.45703871116549893,-0.9394335040562776,0.8162755460836584,-1.1573202669646314,-1.0162243229506562,1.6004233737083287,-1.3819771532877716,2.912072106978439,-1.2782516925489718,-0.3254999461178078,-1.0262079431323106,-1.0027880749243312,-0.6201099715337113,1.0015958724857443,-0.22954823101263083,0.32757454549094783,0.17057483874545348,0.27145913689898954,-0.9075868000544336,-0.25311207249068135,0.9109883125182896,-0.5585182582279693,-2.4066421883754394,15066.19,1
154960,-0.8500542006079322,0.28990927068327976,-0.5093701443423466,-0.14908825444548,-0.46591933590252393,-0.3963710341972317,-0.523305426836116,0.1522855998005664,1.3208350681508527,-0.5963745030901251,0.8007847871385785,-0.9298510851805648,-0.03621616077084313,-0.4834197164737182,-0.9842872888618733,-0.22247474381044213,-0.29698223017310177,0.4818210051819698,-0.2108101152670125,-1.2922776753211747,0.40001744968349523,0.05237392940243826,0.5069722633236267,-0.47006194105237387,0.14472112199964257,0.16102809478900587,-1.186543993643843,0.7467870822767505,15120.69,1
156988,0.6435546810987692,0.3711158607146603,-0.7646558758792864,1.1300903060364906,0.47207587372584486,0.10981049614931719,-0.28153355063686364,0.03087161287551917,-0.41461288192114154,-0.6027899900982157,1.0642493802613402,-1.2177101592755428,0.8061408285058809,-1.0057599539004476,-2.1366778894294165,-0.4938169904281746,-0.5942207876555399,-0.19768991782688786,-0.7353720693261562,0.2416050660345477,0.009356578265000214,-0.803816108519695,-0.1083365684413064,-1.094302200384463,0.6729452398356068,0.1291165889972158,0.7484573293499776,0.824887341502618,20340.19,1
156990,-0.16219957524925882,0.5092803633122379,-0.7270247778389716,1.3540892273783847,0.14307136949914087,0.5305657081159042,-0.1867758923068029,0.157646101788303,-0.7615728867700559,-0.5854765894068178,1.063683839647173,-1.2447420114859393,1.0764852210559723,-0.965371857991402,-1.1077156020788201,-0.690908961479957,-0.4401042822005477,0.06189069206145136,1.2095169809958786,0.9990116466328779,0.06929258129849247,-0.6527207009597973,0.2855300958152097,-1.104159742837933,0.08202632156597361,0.9299467160465785,0.8473545781929905,0.6881248749280519,1882.55,1
157585,1.6694145002694816,-0.23438008440498848,0.3543334175577644,0.6807452431954881,0.3840467564553817,0.41869694928350015,0.4257023282115404,-0.19103408240283334,0.8265541945659827,1.151187640939339,-0.8942736423013561,-0.36061958277039524,1.7321933696442622,1.9322275100364614,-1.4518566571305602,1.1721117611270955,0.40155557004423126,0.25011699865339154,-1.7860502929851187,-0.5215698737268666,-0.1735434687487103,-0.21611114975458057,0.2021802812070285,-0.3616399525113616,-0.30390647701533663,-0.2908364307755469,-0.2943676681350827,-0.22372565675495037,23641.82,1
157868,-0.304315540237139,0.21846031687967993,-0.7770504061664001,0.5215860887654638,0.19550312189066651,-0.40046246583316,-0.45937321629885375,0.19786787914396614,-0.24002537726613668,-0.7277661629404749,1.0258637666762855,-1.134909415666533,1.2516726901611468,-0.6617284143482467,-0.2302280500138684,-0.9698155408079903,-0.5290084103205871,-0.2761885243959914,2.4418824927421365,0.35760080778204195,0.1428140253010879,-0.10781914290177219,-0.5055165016270113,-0.6119785857207243,-0.0014666323063081434,2.147821289644259,0.350029759585696,-0.3583773707397651,13530.41,1
157871,-0.5061716757318185,0.18465803912308137,-0.6742399587690981,-0.07244524642774566,-0.27019744306521376,0.03516975532077111,-0.4199850720571064,0.32716017827954336,0.07106457983948801,-0.8033188650214284,0.7519813869564472,-1.0715186108980201,1.2941829900499013,-0.41413372849203556,-1.67527533865128,-0.7356629626904827,-0.8578628222297853,-0.5254136138684152,0.4389650963735429,-0.2974394747739544,0.20606933960763849,0.3010022829849236,0.2163861338743177,-0.4771644412022274,-0.5940911223053198,1.0528628445579356,0.20229490215264145,-0.3797176340703389,11749.27,1
157918,-0.19090226378891523,-1.0868364217762414,0.24957495945980618,1.0796778785220935,0.5927130512816138,0.7211018436557121,1.302689672844638,-0.3713779957631144,0.38224383471516976,1.6048778074264867,-0.28137288672782995,-0.3775585022102046,2.4763295959122833,1.6400089328646992,-0.34774301500644794,0.21007422708307555,0.752137067422053,0.10132789229537341,0.40516483591249736,-0.20230714557447474,-0.2723675449515166,-0.232048161924296,0.3331051203716855,2.443924440841566,-1.1580681780312465,0.1860142344997016,-0.1989071238438185,-2.128802047734486,16975.71,1
163149,-0.3086049697749446,-0.10258229321634293,-0.22104634006936974,-0.21369348269231012,-0.10547651332204874,-0.1969108740290833,-0.23320383756516186,-0.11875709475346649,-0.020077393675292626,-0.39303112303171855,0.7706036361762002,-0.6131411706716532,0.9518873687991695,-0.7451215988726707,-0.5753622461474978,-1.007665539353721,-1.1209769789972301,-0.8749556403357215,1.1449056793225056,0.16699693710146005,0.2067347860733658,0.9732994834893212,0.07385446424145789,-0.5434632629286107,-0.21429993221256563,0.21976644137109397,-0.2092291384305708,-0.28847844720673177,1200.83,1
163586,0.7928010161954057,-0.031392813557770516,-0.6345655487304096,0.06696688532506402,-0.09555565636896694,-1.1694698969340227,-0.15509224917405487,-0.09249041263396697,0.019404416888911688,-0.6019511625009564,0.431246089997145,-0.7579287796893447,-1.157275457152301,-0.8421349324440687,1.1927729637542641,-0.6350361194114255,-0.5719708240586715,-0.548210190677288,0.21910345025778394,0.26308248014522573,0.01782388231408426,-0.7873752441674203,0.07935513017084272,-0.47614999284035897,-0.04423764082086534,-0.23803158487116136,0.5608275721493285,0.6610182621124501,4873.64,1
167184,-1.0388024937413431,0.9887509655402174,-0.8686358953821574,1.174312499233535,-0.1895302883142978,0.8444328337875423,-0.5031883707745223,-1.0816485261906004,-0.032579829647661,0.8098831967772424,0.996668710402944,-0.791404400900647,-1.1379264341612112,-1.1456677461072744,1.1789156098242002,-0.35888997720533133,-0.28161959250351326,0.4015798118816232,0.5502153486775011,-1.3592017959818012,1.8304280960488242,-1.313082780502632,1.4472274362913502,0.3122143623807257,0.04308446032679243,1.0158311128393784,0.10870811762973918,3.412724497947462,1659.06,1
167305,-1.1222029209533508,1.039384962415712,-0.9284312220401749,1.186202677876054,-0.2559294126025463,0.7535365342314916,-0.5900501769605604,-1.0051261310934558,-0.006589248067896108,0.8680355248050997,0.9666135515840945,-0.7599695695837432,-1.0594185407006065,-1.1138092512651434,1.1779567621614897,-0.32513256983410155,-0.253013170630767,0.40078405462482586,0.5108741448517796,-1.3615380987569983,1.8325666354400527,-1.3973313786024746,1.0071968999329368,0.35750092232590164,-0.006604263524521428,1.0004717317505034,0.09782734876224947,3.4206351660063157,11697.3,1
172787,-0.5408953442403654,0.2299938288638102,-0.46645097549949266,-0.13593724542760288,-0.11850097270008556,-0.2944008695965837,-0.03954119282280809,-0.08762374264133471,-0.3788676866614534,-0.6553208942810927,0.9303640096560579,-0.7091246432468046,0.8308607343577313,-1.0068273890589143,-0.2580140467843032,-0.8560506677772072,-0.8937993580019119,-0.4370334141658232,0.8086296985394962,-0.02766051142562917,0.2322823811163904,1.214716813503188,-0.28797810005951546,-0.8154580784262009,0.19421990144594245,0.23097893319184862,-0.15674179884451023,0.05400492969891843,17671.3,1
176049,-0.4133230368206781,-3.6977534547978346,-0.515168591915897,-0.10724501211570313,-0.3630896612853619,0.41917779499339464,1.842189976075955,-0.31060457901311683,1.5583033777246438,0.08480216135534067,-1.71343116281092,0.48619760856645117,-1.4993856551321894,1.4667553865486596,0.4035356007362581,0.12984085750067872,0.47203137202044204,0.5564617010273474,-0.16490025515285714,3.4923750758356538,0.36993982939090486,-0.9202429097830468,-1.6997610480864496,1.4165652142910872,-0.7736209911032428,-2.3564624338482556,-0.6590987900063673,0.657614400157094,2186.15,1
177195,-0.18322108392209582,-0.3079738701590316,-0.1963856105747512,-0.03024566713264591,-0.007420945067963067,-0.5652060485393621,-0.17378176625869426,-0.1319128494443704,0.49773753753795524,-0.22942734476980212,0.07011424835377109,-0.6867153909410489,-0.6508468298170216,-0.5585323042731237,0.6883846104349555,-0.9474640328957402,-0.8839903562643612,-0.8057024198320917,0.8451124476611973,0.06682801429466476,0.10596528706093787,0.7958528824285561,0.44552523661126386,-0.23142566713467844,-0.4134813646605125,-1.3436049524933042,0.39278907392970325,-0.6766167847054617,14281.41,1
178208,-1.0319612853569033,0.7801789591018257,-1.081855156355478,1.5577152553567062,-0.9851777249105274,-0.2581731639957626,-1.0492098804121341,0.9215318807001858,-1.6223241348255815,-0.6686369877984667,0.941977765205606,-0.9694539158422567,1.4213456592889724,-0.7583947367010475,-0.9817586656814346,-1.3675151339498983,-1.4388825559480334,-1.4261612960844237,1.9301461962574722,-0.6929265009693719,0.5609879986472621,1.2115406977806016,-0.22302122558067283,0.06554287488116982,-0.08399487719247398,1.1522508356408805,-1.3502795309681985,-3.0457581869794637,3014.07,1
181966,-0.0919497058903524,-0.028893634139208195,-0.17472486243522709,-0.6996335249835727,0.027124642543788876,-0.11352146965168727,-0.029231437788631943,-0.08012468680144347,-0.4568713802603637,-0.3157094994909747,0.036193436418097684,-0.47102290421062487,1.340438426104939,-0.8376988683239561,-0.10283437187678328,-0.6650334590190602,-0.2962682194819219,0.46754284049557515,-1.04446290929326,-0.26828507176492533,-0.11772355499413142,-0.7028521531665283,-0.07133093396951729,0.7596501087830752,-0.5424952760376371,1.0207667629741448,0.06252247511804356,0.5053954864144372,8611.31,1
182992,1.6237056147652889,-0.10717063873191515,-0.06329281434312356,0.7283716370125143,0.7189594054294344,0.47064737179513927,0.40616658421221064,-0.13792195242453636,0.1073895363721023,0.6164561034960406,-0.880299261013502,0.1669834759671988,0.13653119070226258,-0.35608425748509437,-0.22276006044497906,2.4672537131444683,1.1954157228475562,1.735208309920747,-2.4408001551762117,-0.3214604228586859,-0.022362301225861508,0.6648177465607366,-0.06070812465024469,0.7085546403009642,0.1570206905783047,0.623714024468761,-0.20144712802715933,-0.013365482841542991,4131.1,1
183106,0.3174406953867153,0.41913531374561047,-0.4143283689777051,0.6804066823123975,2.467005514184451,0.5697330168952953,0.88267589970481,-0.2952336678285556,-0.636040617907299,-0.10999641064726413,0.22518669959110324,-0.16078213117401435,-0.7967600916831736,-0.9389265698308848,1.1989667717524337,2.546407587196363,4.458428250243458,1.7482665175304664,-3.851023116338224,-0.37071278599409824,0.08907557558522967,-0.8947248010482527,-0.4399354860386125,-1.705573955504992,1.1411585168145553,0.6009786518333349,0.10434387331926312,0.9094858518216209,20760.02,1
184379,-0.20221039826875462,0.1354830461152482,-0.49220993567481963,-0.6615572490517858,0.2361837127796235,-0.6226878422918528,0.08594694536066728,-0.06816816644259656,-0.7629565096982103,-0.328521173291366,0.014446480554328898,-0.46562509124730017,1.1333789509171168,-0.7425545031303032,-0.7334551791306281,-0.7991641606166209,-0.18496606694817042,0.2502430128440274,-0.8567488041477985,-0.4227532616098488,-0.06247219915372169,-0.5142270675071834,-0.3496977765700095,0.8333067198460127,0.8677762766797041,1.6050210330178734,-0.39969728755807676,0.08405535035059859,11192.51,1
189587,0.7625482994244098,-0.03020273255241499,-0.5810178491536457,0.4830003081754391,0.10253673397351636,0.019194584466448023,-0.20020858154572738,0.010760892285588864,0.2331675859242681,-0.6063417069238447,0.7780257785573058,-0.44506199249507344,-0.33276095830648145,-1.1233372616231392,-1.6003346844578425,-0.44872612544083307,-0.16187324178990928,0.37896373666360733,-0.1303051335092559,0.28373105962413314,0.12548922357991155,0.5255104580895308,-0.2748721059213767,0.6899030145937879,0.8580298718417579,-0.6018177402504179,0.5993417283310378,0.671120726127106,8290.36,1
189701,-0.8616656582931685,0.3589182641738403,-0.6061298739404056,0.9816873178334131,-0.46206769181130325,0.2663926914403208,-0.43958271294132706,-0.1385159379083771,-0.397042546168267,0.10183822134652334,0.32874556240479885,-0.8927035404186795,0.23263370065667693,-0.8064408954595078,-0.8464860025114292,-0.929649211618654,-1.2050364119928707,-1.280919124031503,-0.5452666005628958,-1.2309820498674564,0.491866529616483,0.20184502295319418,0.6291160292545834,2.206374454189819,-1.1601012160605162,-0.8086959431476307,-1.7018952873523092,2.8493580239113907,20518.47,1
189878,-0.9579446137536712,0.3331842006540028,-0.5459447364293863,-0.4517567692544602,0.11149004422890012,0.851264923841624,-0.6706480335557644,-1.6258118276687195,0.6293310830680386,-0.11517409235161252,0.2659404446228613,-0.15624631009191414,-0.6333884504713245,-0.512438920895599,-1.6972291473211962,-0.2865868608440208,-0.3612051116173602,-0.16260941659994807,0.012062464657354275,-3.107259558933514,2.80471515848988,-2.2456535067999797,0.48059938287153936,0.18999142760440105,0.43011481645334027,1.1740337311836386,-0.028859324238312875,0.7745320827686388,14109.34,1
190368,-0.4702919305683712,0.4038166130249389,-0.6368237603046574,0.24693791872721016,-0.2233880592031131,0.19224374651932735,-0.1212073557549537,0.31112057186391856,-0.16595078842146177,-0.7786589780692629,0.5918841237036572,-0.4207865755908761,-0.24712138312377116,-1.0357808901133585,-2.098106336459626,-0.32016428770605165,-0.1074052275677043,0.5480454237252107,-0.3735307619947382,-0.1948794463780672,0.17527970170423351,0.8266143551661342,-0.05574257417706212,0.6845970684702423,-0.17838816228446058,-1.0018843436484923,0.48916234251187896,0.3249475972986332,7778.21,1
191074,-0.3762312046596517,-1.0751319432541793,-0.4055506207779741,-0.4193387770110231,0.2828275385405135,0.2127576776947638,2.4177863570233398,-0.4388376948934312,0.5530711200374522,0.5630434341861077,-1.8567639973972985,0.32775471916559434,-0.20155425483367592,1.169254493639492,0.22226570302029106,0.027791472152489245,0.3217646528307348,0.2940184204328993,0.6648011435964503,-1.8859464230943124,-0.0989210809071748,1.7659232828755445,-0.17529374532128916,-0.9824207754180366,-1.5629545911892293,-0.8005473904920148,0.6888634248496076,0.7926539911791157,15416.42,1
191267,0.35409108550446705,-0.42792038086605405,0.1942916676238128,0.376835540451401,0.9232219422534654,0.1590696144162744,0.48326048910473607,-0.20217129553491348,-0.23922049446906632,1.55740820118852,-1.4664334618583568,0.2547053331910038,0.35387188183965396,0.8624494775414727,0.2225126321709676,0.21881946194232463,0.6121965188873101,0.052308059242841855,1.1998055176883178,0.0873707771685573,0.02976269281156966,0.953835202237511,0.28961758082078276,1.8240433974301125,-1.955846708249423,4.622882705885712,-0.47865323248335107,0.3060638314798304,4542.41,1
191359,0.9735457724939316,0.28643075604560975,-0.699974202223402,1.0109331509492663,0.7897659943779028,-0.31087356542597366,0.09715475197081747,-0.05653169461826675,-0.7215993151451364,-0.27400671934760656,0.779961767520598,-0.6859458813710524,-2.021504760539133,-1.0242237725923264,-1.233573823458908,0.19722421207446814,0.09386778869020657,0.6838715503688011,-1.4681629985364466,-0.0045017871054461355,5.763398120431526E-4,-0.4281505220077541,-0.11643278706138196,0.3204434898846683,0.6783864725205266,0.3873008246520335,0.32256569843738314,0.5473523595039543,9369.98,1
191544,0.22917151066006997,0.11588695769064182,-0.5189833586862779,0.7096569223016077,-0.0204100053968027,0.3052489963302637,-0.16142748292184525,0.13330335459387296,0.07211388132678193,-0.4751280921237888,0.599168541190885,-0.5323719810360794,-1.7028912802758245,-0.9712417033377779,-0.40931919197538147,-0.49874405160024776,0.28735069496437743,1.240124070595889,1.610055686856887,0.34655443401352376,0.13741258011048618,0.7324066630728067,0.10900737108127978,0.6135969469951844,-0.6664864008889607,0.0838256902876398,0.2958479667452544,0.16730311466540806,13266.19,1
191690,0.978567717820631,0.43530327122676665,-0.8068714469394164,1.0625229568696193,1.0489177970220673,-0.6833709711733137,0.1390975128253789,-0.07396987050035776,-0.8330588041110311,-0.4638086607346369,1.0174999448570914,-0.7474407119603743,-1.7427663592730764,-1.288976236799374,-0.5070646455991712,0.8783529511496416,0.505325537721338,1.8115581773843141,-1.8979074206354067,0.09236028054650425,-0.059655331689317345,-0.850837582351222,-0.08847246065916324,0.023613927791441752,0.4879389551466855,0.16091121157194233,0.35660270422145324,0.6804029961489101,5379.14,1
192382,0.6493276908539171,0.2325048208151077,-0.6774975011694181,0.6399773715092502,0.22524540557880368,-0.33337708909712405,-0.06250456772016162,0.044186798330926605,-0.28402429049190325,-0.3303617245699094,0.7093661277804373,-0.5045163644341858,-1.3467278918337042,-0.7833611503260417,0.309781943932321,-0.5091124602842055,0.09244098849488709,0.614239897119076,1.6181082049838202,0.12551342450359187,0.047043386219214216,-0.011763313663564864,0.16863268563185446,0.7595244444567473,-0.855997613075937,-0.6081655278184565,0.12017303880092367,-0.2142638509797453,4723.88,1
192529,-0.27001797126555604,0.32117168160927295,-0.7913245818668069,0.566243686152023,0.7265287919440578,-1.439330201909366,0.011616100054289261,-0.10913262753908837,-0.22608881005524015,-0.793369545833483,0.682868370431278,-0.9006484569558444,-1.2365702658042903,-1.418264703373032,0.3292152032312521,-0.47776408750920274,0.032058441069117975,0.39812759341749565,-0.0696164664173116,-0.1305077162365913,-0.04620528092010108,-0.3919442133147992,0.34493268033411856,-1.2699230622168427,0.07358815680154812,-1.2048410165603323,-0.16539636515505476,-0.6837239771342077,21770.39,1
192584,-0.5029267747660534,0.47852081967832777,-0.8594107031057032,0.577117972981406,-0.1031380310684387,-0.6112132738668641,0.41694367722673975,-0.08301404411625143,-0.37349830593284383,-0.8409133000592061,0.6747135935229586,-0.9095520139962423,-1.110523592277346,-1.395567062021869,0.6473088648822747,-0.44268731820233054,0.08328598058908648,0.44730983249096096,0.22194456571433654,-0.4541986030017389,-0.11746905748661449,-0.4171949926484378,0.13729905635783696,-1.1951887155177052,0.6972550992507552,-0.8370781921117261,0.2810710513626387,-0.8950435670340181,6652.6,1
192687,1.2718736018097452,-0.6300828768194734,-0.2587730477545944,-0.3006757949799577,0.33724541426421234,-0.407819623349284,0.7285244296444314,-0.25041351052349975,1.1868056303799468,0.11344818763857417,-0.8565098473846561,0.7381119164952609,-0.0749974484315314,-0.0489541222860701,-0.09378834174457953,0.4325139491352972,1.219270371101054,0.8325819437329683,-0.21589429526518478,0.20040004871001077,-0.09532156244315458,-0.23459390560473484,-0.2702925138892408,-0.4726070302629484,0.3105338800296367,-1.2602606393286817,-0.2555079925223602,0.0011274540863381905,4552.37,1
195383,0.46099860076460675,-0.9080183193570825,-0.0844331310084909,0.8929873916837469,0.15399776195711185,0.17271843502579007,0.9017790842413933,-0.2280979007214587,-0.05175244713620256,0.6354648633477703,-0.6068230845963836,0.582055641256443,0.8242889927530213,-0.09152733976049501,-0.5318301207571337,1.9790814740674783,0.9126258622431188,0.7380533780731598,-2.4057296963063792,1.0812039127795274,0.016776819622468728,-0.6128965749280919,-0.39265358049172655,0.5552547317928744,-0.8677588854359762,-0.5759553409194291,-0.3691178996503103,0.24950491933647714,392.54,1
197586,0.04952652047753474,-0.08944007074748675,-0.3328004309179124,-0.7664120228899067,0.40838487892009506,0.13492308601649347,2.577182032692817,-0.3537549361381114,0.08091008124718652,-0.1029163359152994,-0.9347939022975575,0.26229226967337205,0.26140410052530155,-0.10750043967623396,-0.05203365007553489,0.5587856396247207,1.2090449007970479,1.2143918155164015,-0.558689171123481,-0.1895155257647619,-0.05900935389867819,0.495632427592658,-0.42688127610656257,-1.452197798859407,2.3558522084023603,-0.3088017149604416,-0.239247443627238,-0.5429185588155527,2812.63,1
198868,0.43805419137281404,0.11723238627815344,-0.5549823394067003,0.2555815099990933,3.087102816476212,-1.4600767832081891,-0.2573043062010626,-0.7058481006120366,0.33568956534903643,-0.11935742215667644,0.35536925257402685,0.3901452172159225,-1.6251267367229492,-0.761088298011473,-0.49520527248656077,1.987468891357145,3.7272331854473872,3.8249865795615965,-0.7116825022181004,0.15841544872670482,-0.6926592519666778,-0.35586426250663844,-3.5241226922968667,-1.3723096102436423,-3.65703947728769,-1.9836360943288616,0.2376122521757088,0.6699722438401922,4937.62,1
199896,-0.22169758998559258,-1.4333252920835375,-0.8355823795566006,0.5976959749389543,-0.039388316952423355,-0.6886180536200365,0.8448860109432973,-0.2719055169825981,-0.34167995161837833,-0.4405719803579966,0.18628947101428045,-0.3754013208086138,0.8542951339275202,-0.5907835979923478,-0.05695641788717809,-0.5283868639131868,-0.26563807878040807,-0.2471858495030492,-0.711364227021204,2.562871614756607,0.4253642179649614,0.04218004903318384,-1.427924659135272,-0.3395782059888866,0.8060916147499991,-0.6968834021352988,0.015333745788283407,0.9382725578073111,11104.45,1
201098,0.9725675082594957,0.45703829596262907,-0.8042088268847506,1.057344436541535,1.1373429919487599,-0.6028724952129915,0.15796518137587476,-0.08503532069913323,-0.904611268870499,-0.47338220568896233,1.083661342874951,-0.6305580101946389,-0.40764136591139905,-1.3165934667216126,-0.6011719992201369,0.7846645627135046,0.4979139230185411,1.5435852286938057,-1.9749689798312595,0.16906007117928654,-0.05166197532474772,-0.744297910101017,-0.09842433641631605,-0.02195967438334666,0.5385003232145256,0.1639043829720406,0.37227629001758217,0.6855270515987313,8990.6,1
201601,0.4950892773299928,0.02513281830392117,-0.5345869752214072,0.5748381029368833,-0.08703384342599949,0.17897665956696457,-0.0705463342134737,0.05582346593403056,-0.27305061522590707,-0.19973632409955777,0.663706770076479,-0.3173801470083636,0.33850561226975234,-0.5711478056428194,1.0591242395012401,-0.5290522730967246,-0.2430626366459973,0.3818177509871052,1.4023540485732342,0.45608122689331587,0.22524694024038366,1.1180696072239136,0.44852500798565315,1.0324317700558296,-0.8741049534731212,-0.23884411288646137,0.08636123734735553,-0.2531783943277406,21387.12,1
203324,0.1659677502339155,0.47751642841244313,-0.46299921144740197,1.1762159568460828,0.5051592868731609,0.06311664930030891,-0.05015930526741998,-0.6883639359049013,-1.1984375605358046,-0.10871024194122934,0.10290390498486354,-0.5455771230617777,0.2660403061371069,-0.5726784115071373,0.23685435742556646,-0.5255184545857975,-0.10767025801617235,-0.2388285667491775,0.5953649047915279,1.007221428444241,-0.37884199224713994,1.0781891153146685,-0.37108030514668827,-0.486581009929881,1.2851951125826984,1.6725364938379097,0.6217183123730736,1.3326521284310164,14194.57,1
203328,-0.15259222809493284,0.182021405683671,-0.6854504787823321,1.2833837439865399,-0.8306510008587021,1.5723734595765597,0.8134283690549673,-0.654136644297223,-0.9214407081774112,-0.2970072999760608,-0.08205918096544698,-0.5057483531895856,0.6594845993774684,-0.6653569236792806,-0.39194404989775405,-0.29512854223267004,-0.13312653924177262,-0.14065069930322296,0.5620744132620645,0.9588603419048375,-0.45542620920005394,0.7281728254233508,1.4005909999963182,-0.5998111204070558,-2.7468811131918285,0.23551229363453755,1.0446861984748224,0.29291298411238625,22627.71,1
203700,0.9959135286776309,0.4816129657720345,-0.7880175671834331,1.1036389153981943,1.0095242372584878,-1.0032808075753068,0.19779863564328506,-0.13505727500949782,-0.8390787413574492,-0.508426375597886,0.7164001663159322,-0.6974644199514203,0.011697648920570536,-1.3443391885722613,0.014761278262342116,0.5978296345363419,0.6082379595684426,0.9842062243820242,-2.3249391277129465,0.17758966400460943,-0.06395608507176041,-0.7800759647458471,-0.055335394107666025,0.8934687469336539,0.5604854925586543,0.14182390199478434,0.3770987735463527,0.7215224914067692,12294.04,1
204064,0.3218821691145813,-0.14694883476594345,-0.6048634072821456,0.43720220852643854,-0.32436907781181795,-0.1566144551906025,0.1352864034852965,-0.024746289866246704,-0.07933381257934566,-0.394308633044716,0.30493964229512627,-0.41134251022441154,0.7825975931479321,-0.6865886712081929,2.241042203225385,-0.5886812892583697,-0.10756169634417798,0.17007029854156527,1.339288534800799,0.9535876718240968,0.24740716450952352,0.9792985499368064,1.0451965055794346,1.9834605382554018,-0.7991185421427581,0.44139286966801733,-0.023820137398039423,-0.1710385700406181,20075.57,1
204079,1.5962038528504108,-0.48747443400859386,-0.13514727808478483,-0.45680363258623635,0.45405753585287184,0.07352138723981376,0.541340691292726,-0.21526120825008127,1.0382268925644815,0.24375682352000672,-0.9412957612374424,1.387394176040959,1.4601148066406635,0.01569261967411046,-0.25481791666282744,0.519822882283596,0.826281745954549,0.35364876149877184,-0.05368060663094114,-0.009875910250561788,-0.18605911337547812,-0.496987357270431,0.05547551762468099,0.8231280239212694,-0.07114532926166525,-0.26925558458651183,-0.2600693889774486,-0.08523270587890032,7894.91,1
204503,-0.637345293075069,0.09066641404508405,-0.407095830937727,-0.22145684725243475,-0.22256222201558026,-0.3102976751091033,-0.2429435558720836,0.016633843044548288,-0.32346540899859016,-0.46161644977916333,0.6843962801096258,-0.5869065676261531,1.0417050103514347,-0.6072551341674521,-0.6195528997469761,-0.9825815191297924,-1.095100316463166,-0.8132363678160909,0.9833953231811442,-0.18615742323370404,0.324660433757243,1.570352514985445,-0.6276020740856447,-0.4230965021079277,-0.4686904017470362,0.004822332488606002,-0.4944227454226766,-0.05627961693675778,16375.6,1
208651,0.5649289373721004,-0.07478600339138763,-0.6640167234178094,0.17476292426764645,0.00978752667711885,0.41627875222512883,-0.38954212997588883,0.10948986248962528,0.10595209400006413,-0.7225291172963434,0.5609258665241567,-0.8090615807852355,-1.2366216295924586,-0.9209126094571046,0.774393459910655,-1.1107542041800875,-0.6888413945342263,-1.229864239767248,-0.3594773703651387,0.1966359614452282,0.13869133743007261,-0.002654278290818334,0.08092965748498071,-1.0139010570222258,0.12435503283254264,-0.3709227013847436,0.890336143923394,0.7591465314636149,6594.95,1
212516,-0.24461659636722655,0.14109760582863135,-0.5847369472637133,-0.10854734454751065,0.245934510799324,0.1748614661487432,-0.22779865917499095,0.15694932435219988,-0.6667414403382208,-0.5939240729519103,0.3114314753148407,-0.8325753845824351,-1.2054549189398143,-0.4173358847885734,0.4163340606979514,-1.2559471890732197,-0.8872571639629061,-1.4653093877544683,-0.08412807469092795,0.09020573396678433,0.345736195214812,1.3109095668199995,-0.2943595503699672,-0.5534196246890792,0.3959329145189496,1.703672702935623,0.5858382416309145,0.3854008489943002,12369.55,1
212644,-0.4873760132768931,0.0853570287946519,-0.8328549546716381,0.04682229328736595,-0.6773442331632976,1.2495046278847741,0.3169140362494495,0.1976472092158367,-0.4344989909087103,-0.9662785289882616,0.43029007339513137,-0.8722318416325372,-1.1108267265612581,-0.9402503460313716,-0.1098316873042403,-0.9462844070543214,-0.62450682352467,-1.1016654349206578,-0.8072521155705532,0.034490807125858905,0.22751559423276005,0.552409278410925,1.006634349400221,-1.0428719099260013,-2.692635762523993,0.2580538811510878,1.313434513098895,0.9013267306877255,3291.23,1
213092,-0.8710598586011126,-2.1020236396487038,0.5786975482089168,0.9702579702132702,3.614412581352093,0.9852012451459816,0.23803009729121852,-0.3057711633889468,0.3589298327126312,3.3845133138365178,-0.11092930131343419,0.3105432907753729,-0.12755331497762507,0.37776573002159813,1.5290161127913555,0.05370418757121975,0.40753165133503433,-0.02564986961351478,0.6461124401303805,-2.6900344079547702,-0.37865821360522395,1.803573686120858,0.0920766887593399,-1.2657282153884235,-0.8765951598259754,1.316771109537591,-0.7723373233701024,1.6530328464372814,18549.85,1
213116,-0.7702617624138844,-0.9109823918323328,-0.46025431154982227,0.8219063721869799,2.683691746100081,-1.7628554707795827,-0.6592817151520828,0.08763964180461668,-0.9165942958783293,-0.5446097371427087,0.9319562008128314,-0.7000814054468703,1.2748123660346034,-0.9176010709626237,1.325703380677455,-1.0215822340007716,-0.7448151749080956,-0.29734499199997616,2.4709505742987075,1.8476477331728782,0.3023026050695321,-0.07733495605633145,0.33719625232433875,-0.2653427602853029,0.5980529773300752,-0.2755794215884979,0.9254445983195317,1.5048743923972587,15796.11,1
214662,0.4599050794584974,-0.09922278481474235,-0.7365268525965077,0.18234430275154118,0.049482560843382664,0.37509363745425733,-0.3829142100216528,0.1115115307677829,-0.06041502151862184,-0.7657383610664283,1.01357493324888,-0.7725745305737627,-0.9705965369305565,-1.0424009023667347,0.748798564589181,-0.9221488616630539,-0.6702494612275135,-0.700720023910289,-0.36529044772888,0.4247182508095116,0.27414811154228275,0.8327498694595956,-0.3071596721717626,-2.9335234439886637,0.44491385296362146,0.3935388397423482,0.8873831093691276,0.7966141903814495,17597.64,1
214775,0.03660823083699938,-0.7176131015844305,-0.13401644949457073,-0.7256776229301555,1.2181128277464621,-0.4073420527320461,0.4072146584914738,-0.36570798971446805,1.0043354377183233,0.6953490245957157,-0.46088073610552166,0.5691247611755323,-2.2100248810116874,1.4580656636878353,-0.8370056909941556,0.026463894185653578,0.37043366330913097,0.9180348999303266,0.1842468834075387,-1.2608409008715686,0.4183568434548746,2.1652137863701744,0.17021783822333023,1.6815801802485402,-1.4381715781164361,-0.4631460198848204,0.1982414871191758,-0.02247638817987501,18765.18,1
215132,-0.5953543312615094,-0.5241371591544493,-0.7712530110499084,0.1814806641597011,-0.3326047128314812,0.8234451798344968,0.0791615301474218,0.21491415442503334,-0.4232967555504158,-0.9432274667644949,0.9442608710950687,-0.8138820914087385,-0.8348228972977884,-1.0113839829512117,0.5970018559131205,-0.8896151371949892,-0.6490985839258561,-0.5323278950941387,-0.3822954191563306,1.9574224877906483,0.44153880417877395,0.8283223395985141,1.4819292653885305,-3.061861815153191,0.766045608174136,0.3978551707441991,0.7049169159815855,0.46573913487872304,11255.86,1
